,OFI类型,说明,R²,调整R²,AIC,BIC,系数,t值
6,Smart-OFI,撤单率修正,0.8797,0.8797,-37869.5,-37855.09723105518,0.000965,270.37
5,OFI-PCA,PCA综合,0.8651,0.8651,-36725.7,-36711.292001915,0.000948,253.22
4,OFI-L10-Exp,10档指数衰减,0.8423,0.8423,-35166.6,-35152.186778880256,0.000925,231.12
3,OFI-L10,10档加权,0.8179,0.8179,-33725.7,-33711.320250861616,0.000897,211.92
2,OFI-L5-Exp,5档指数衰减,0.7623,0.7623,-31060.9,-31046.433244301934,0.000836,179.06
1,OFI-L5,5档加权,0.7422,0.7421,-30247.5,-30233.031177080495,0.000800,169.64
0,OFI-L1,单档（最优价）,0.5575,0.5574,-24845.9,-24831.51637254294,0.000613,112.23
