,OFI变量,截距(α),系数(β),t统计量,p值,显著性,R²,调整R²,样本量
0,OFI-L1,0.000002,0.000010,667.40,0.00e+00,***,0.9780,0.9780,10000
1,OFI-L5,0.000004,0.000006,407.42,0.00e+00,***,0.9432,0.9432,10000
2,Smart-OFI,0.000003,0.000012,415.87,0.00e+00,***,0.9453,0.9453,10000
